{
    "animate": {
        "parts": [
            "4.stl",
            "5.stl",
            "6.stl",
            "7.stl",
            "handle_1_s1.stl"
        ],
        "direction": "x",
        "value": 1017.3076923076923
    },
    "colours": {
        "glass": [
            "12.stl",
            "13.stl"
        ],
        "frames": [
            "0.stl",
            "1.stl",
            "2.stl",
            "3.stl"
        ],
        "handles": {
            "type1": [
                "handle1_s1.stl",
                "handle1_s2.stl"
            ],
            "type2": [
                "handle2_s1.stl",
                "handle2_s2.stl"
            ]
        }
    },
    "handles": {
        "type1": [
            "handle1_s1.stl",
            "handle1_s2.stl"
        ],
        "type2": [
            "handle2_s1.stl",
            "handle2_s2.stl"
        ]
    }
}